{
    "test_prompt_ids": "0",
    "mean_results": {
        "hit@1": 0.0794179523141655,
        "hit@5": 0.10840345956054231,
        "hit@10": 0.13265544647031324,
        "ndcg@5": 0.09427150121754674,
        "ndcg@10": 0.10205785805804347
    },
    "min_results": {
        "hit@1": 0.0794179523141655,
        "hit@5": 0.10840345956054231,
        "hit@10": 0.13265544647031324,
        "ndcg@5": 0.09427150121754674,
        "ndcg@10": 0.10205785805804347
    },
    "max_results": {
        "hit@1": 0.0794179523141655,
        "hit@5": 0.10840345956054231,
        "hit@10": 0.13265544647031324,
        "ndcg@5": 0.09427150121754674,
        "ndcg@10": 0.10205785805804347
    },
    "all_prompt_results": [
        {
            "hit@1": 0.0794179523141655,
            "hit@5": 0.10840345956054231,
            "hit@10": 0.13265544647031324,
            "ndcg@5": 0.09427150121754674,
            "ndcg@10": 0.10205785805804347
        }
    ]
}