{
    "test_prompt_ids": "0",
    "mean_results": {
        "hit@1": 0.0819308087891538,
        "hit@5": 0.11342917251051893,
        "hit@10": 0.135752688172043,
        "ndcg@5": 0.09785982333303726,
        "ndcg@10": 0.10500328540751212
    },
    "min_results": {
        "hit@1": 0.0819308087891538,
        "hit@5": 0.11342917251051893,
        "hit@10": 0.135752688172043,
        "ndcg@5": 0.09785982333303726,
        "ndcg@10": 0.10500328540751212
    },
    "max_results": {
        "hit@1": 0.0819308087891538,
        "hit@5": 0.11342917251051893,
        "hit@10": 0.135752688172043,
        "ndcg@5": 0.09785982333303726,
        "ndcg@10": 0.10500328540751212
    },
    "all_prompt_results": [
        {
            "hit@1": 0.0819308087891538,
            "hit@5": 0.11342917251051893,
            "hit@10": 0.135752688172043,
            "ndcg@5": 0.09785982333303726,
            "ndcg@10": 0.10500328540751212
        }
    ]
}