{
    "hit@1": 0.07176250584385227,
    "hit@5": 0.11185133239831697,
    "hit@10": 0.13832398316970548,
    "ndcg@5": 0.0920393863193986,
    "ndcg@10": 0.10055999637630433
}